<?xml version="1.0" encoding="UTF-8"?>
<points>
    <group>
        <name>No Group</name>
        <point>
            <name>Un point avec un nom beaucoup trop looooooooooooong</name>
            <x>950</x>
            <y>1145</y>
            <displayed>1</displayed>
        </point>
        <point>
            <name>Another point</name>
            <x>1148</x>
            <y>1203</y>
            <displayed>0</displayed>
        </point>
        <point>
            <name>A final point</name>
            <x>1153</x>
            <y>843</y>
            <displayed>1</displayed>
        </point>
    </group>
    <group>
        <name>Second group</name>
        <point>
            <name>Fanny</name>
            <x>1126</x>
            <y>943</y>
            <displayed>1</displayed>
        </point>
        <point>
            <name>Michel</name>
            <x>1086</x>
            <y>1019</y>
            <displayed>0</displayed>
        </point>
    </group>
    <group>
        <name>first group</name>
        <point>
            <name>A</name>
            <x>1130</x>
            <y>820</y>
            <displayed>0</displayed>
        </point>
        <point>
            <name>Ma point</name>
            <x>1145</x>
            <y>890</y>
            <displayed>1</displayed>
        </point>
        <point>
            <name>A new point</name>
            <x>946</x>
            <y>983</y>
            <displayed>0</displayed>
        </point>
    </group>
</points>