<?xml version="1.0" encoding="UTF-8"?>
<paths>
    <group>
        <name>No Group</name>
        <path>
            <name>Path 1</name>
            <pathpoint>
                <name>PathPoint 1</name>
                <x>100</x>
                <y>100</y>
                <waittime>10</waittime>
            </pathpoint>
            <pathpoint>
                <name>PathPoint 2</name>
                <x>200</x>
                <y>200</y>
                <waittime>20</waittime>
            </pathpoint>
            <pathpoint>
                <name>PathPoint 3</name>
                <x>300</x>
                <y>300</y>
                <waittime>30</waittime>
            </pathpoint>
        </path>
        <path>
            <name>Path 2</name>
            <pathpoint>
                <name>PathPoint 1</name>
                <x>400</x>
                <y>400</y>
                <waittime>40</waittime>
            </pathpoint>
            <pathpoint>
                <name>PathPoint 2</name>
                <x>500</x>
                <y>500</y>
                <waittime>50</waittime>
            </pathpoint>
            <pathpoint>
                <name>PathPoint 3</name>
                <x>600</x>
                <y>600</y>
                <waittime>60</waittime>
            </pathpoint>
        </path>
    </group>
    <group>
        <name>Group 1</name>
        <path>
            <name>Path 3</name>
            <pathpoint>
                <name>PathPoint 1</name>
                <x>700</x>
                <y>700</y>
                <waittime>70</waittime>
            </pathpoint>
            <pathpoint>
                <name>PathPoint 2</name>
                <x>800</x>
                <y>800</y>
                <waittime>80</waittime>
            </pathpoint>
            <pathpoint>
                <name>PathPoint 3</name>
                <x>900</x>
                <y>900</y>
                <waittime>90</waittime>
            </pathpoint>
        </path>
        <path>
            <name>Path 4</name>
            <pathpoint>
                <name>PathPoint 1</name>
                <x>1000</x>
                <y>1000</y>
                <waittime>100</waittime>
            </pathpoint>
            <pathpoint>
                <name>PathPoint 2</name>
                <x>1100</x>
                <y>100</y>
                <waittime>110</waittime>
            </pathpoint>
        </path>
    </group>
    <group>
        <name>Group 2</name>
        <path>
            <name>Path 5</name>
            <pathpoint>
                <name>PathPoint 1</name>
                <x>1200</x>
                <y>1200</y>
                <waittime>120</waittime>
            </pathpoint>
            <pathpoint>
                <name>PathPoint 2</name>
                <x>1300</x>
                <y>1300</y>
                <waittime>130</waittime>
            </pathpoint>
            <pathpoint>
                <name>PathPoint 3</name>
                <x>1400</x>
                <y>1400</y>
                <waittime>140</waittime>
            </pathpoint>
            <pathpoint>
                <name>PathPoint 4</name>
                <x>1500</x>
                <y>1500</y>
                <waittime>150</waittime>
            </pathpoint>
        </path>
        <path>
            <name>Path 6</name>
            <pathpoint>
                <name>PathPoint 1</name>
                <x>1600</x>
                <y>1600</y>
                <waittime>160</waittime>
            </pathpoint>
            <pathpoint>
                <name>PathPoint 2</name>
                <x>1700</x>
                <y>1700</y>
                <waittime>170</waittime>
            </pathpoint>
            <pathpoint>
                <name>PathPoint 3</name>
                <x>1800</x>
                <y>1800</y>
                <waittime>180</waittime>
            </pathpoint>
            <pathpoint>
                <name>PathPoint 4</name>
                <x>1900</x>
                <y>1900</y>
                <waittime>190</waittime>
            </pathpoint>
            <pathpoint>
                <name>PathPoint 5</name>
                <x>2000</x>
                <y>2000</y>
                <waittime>200</waittime>
            </pathpoint>
        </path>
    </group>
    <group>
        <name>Group avec un nom tres tres long</name>
        <path>
            <name>Path avec un nom tres tres long 5</name>
            <pathpoint>
                <name>PathPoint avec un nom tres tres long 1</name>
                <x>1200</x>
                <y>1200</y>
                <waittime>120</waittime>
            </pathpoint>
            <pathpoint>
                <name>PathPoint avec un nom tres tres long 2</name>
                <x>1300</x>
                <y>1300</y>
                <waittime>130</waittime>
            </pathpoint>
            <pathpoint>
                <name>PathPoint avec un nom tres tres long 3</name>
                <x>1400</x>
                <y>1400</y>
                <waittime>140</waittime>
            </pathpoint>
            <pathpoint>
                <name>PathPoint avec un nom tres tres long 4</name>
                <x>1500</x>
                <y>1500</y>
                <waittime>150</waittime>
            </pathpoint>
        </path>
    </group>
</paths>